Workbook
Name ALFONSO: ACIERTOS!$B$6

Sheet ACIERTOS
A1: ="HOY ES " &TEXT( today(),"d/MM/yyyy") -> HOY ES 7/12/2025 | B1: Alvaro | C1: Carlos | D1: David Buzón | E1: Edu | F1: Emilio | G1: Fernando Lozano | H1: Fernando Ramírez | I1: Heradio | J1: JA Valdivieso | K1: Javier Mora | L1: Juan Antonio | M1: Juanjo | N1: Luismi | O1: Marcelo | P1: Martín | Q1: Rafa | R1: Ramón | S1: Raúl Romera | T1: Samuel | AA1: =IMAGE("https://api.qrserver.com/v1/create-qr-code/?size=150x150&data="&ENCODEURL("https://docs.google.com/document/d/1gjIwbGAlTnunQjAVonl6Q5guNEwXtAixnWTY4llQ6Yo?usp=drive_fs")) | AB1: NO CONFUNDAIS TENER BONUS CON CONSEGUIR PREMIO | AC1: TIENES UN CERO, POR MAULA
A2: ACIERTOS | B2: =SUM(B6:B36) -> 89 | C2: =SUM(C6:C36) -> 102 | D2: =SUM(D6:D36) -> 93 | E2: =SUM(E6:E36) -> 93 | F2: =SUM(F6:F36) -> 89 | G2: =SUM(G6:G36) -> 86 | H2: =SUM(H6:H36) -> 85 | I2: =SUM(I6:I36) -> 83 | ... T2: =SUM(T6:T36) -> 92 | AC2: TIENES 3 O MENOS ACIERTOS Y PENALIZAS | AD2: ERES EL QUE MENOS ACIERTOS TIENES PERO NO TIENES PENALIZACIÓN
A3: PENALIZACIONES | B3: =(SUMIF(B6:B36,3)/-3)+(SUMIF(B6:B36,2)*-1)+(SUMIF(B6:B36,1)*-3)+(SUMIF(B6:B36,10)*0.3)+ROUND((SUMIF(B6:B36,11)*0.4545454545),0)+ROUND((SUMIF(B6:B36,12)*0.83333333333),0)+ROUND((SUMIF(B6:B36,13)/0.86666667),0)+ROUND((SUMIF(B6:B36,14)/0.46666667),0) -> 3 | C3: =(SUMIF(C6:C36,3)/-3)+(SUMIF(C6:C36,2)*-1)+(SUMIF(C6:C36,1)*-3)+(SUMIF(C6:C36,10)*0.3)+ROUND((SUMIF(C6:C36,11)*0.4545454545),0)+ROUND((SUMIF(C6:C36,12)*0.83333333333),0)+ROUND((SUMIF(C6:C36,13)/0.86666667),0)+ROUND((SUMIF(C6:C36,14)/0.46666667),0) -> 6 | D3: =(SUMIF(D6:D36,3)/-3)+(SUMIF(D6:D36,2)*-1)+(SUMIF(D6:D36,1)*-3)+(SUMIF(D6:D36,10)*0.3)+ROUND((SUMIF(D6:D36,11)*0.4545454545),0)+ROUND((SUMIF(D6:D36,12)*0.83333333333),0)+ROUND((SUMIF(D6:D36,13)/0.86666667),0)+ROUND((SUMIF(D6:D36,14)/0.46666667),0) -> 0 | E3: =(SUMIF(E6:E36,3)/-3)+(SUMIF(E6:E36,2)*-1)+(SUMIF(E6:E36,1)*-3)+(SUMIF(E6:E36,10)*0.3)+ROUND((SUMIF(E6:E36,11)*0.4545454545),0)+ROUND((SUMIF(E6:E36,12)*0.83333333333),0)+ROUND((SUMIF(E6:E36,13)/0.86666667),0)+ROUND((SUMIF(E6:E36,14)/0.46666667),0) -> 3 | F3: =(SUMIF(F6:F36,3)/-3)+(SUMIF(F6:F36,2)*-1)+(SUMIF(F6:F36,1)*-3)+(SUMIF(F6:F36,10)*0.3)+ROUND((SUMIF(F6:F36,11)*0.4545454545),0)+ROUND((SUMIF(F6:F36,12)*0.83333333333),0)+ROUND((SUMIF(F6:F36,13)/0.86666667),0)+ROUND((SUMIF(F6:F36,14)/0.46666667),0) -> 2 | G3: =(SUMIF(G6:G36,3)/-3)+(SUMIF(G6:G36,2)*-1)+(SUMIF(G6:G36,1)*-3)+(SUMIF(G6:G36,10)*0.3)+ROUND((SUMIF(G6:G36,11)*0.4545454545),0)+ROUND((SUMIF(G6:G36,12)*0.83333333333),0)+ROUND((SUMIF(G6:G36,13)/0.86666667),0)+ROUND((SUMIF(G6:G36,14)/0.46666667),0) -> -1 | H3: =(SUMIF(H6:H36,3)/-3)+(SUMIF(H6:H36,2)*-1)+(SUMIF(H6:H36,1)*-3)+(SUMIF(H6:H36,10)*0.3)+ROUND((SUMIF(H6:H36,11)*0.4545454545),0)+ROUND((SUMIF(H6:H36,12)*0.83333333333),0)+ROUND((SUMIF(H6:H36,13)/0.86666667),0)+ROUND((SUMIF(H6:H36,14)/0.46666667),0) -> -1 | I3: =(SUMIF(I6:I36,3)/-3)+(SUMIF(I6:I36,2)*-1)+(SUMIF(I6:I36,1)*-3)+(SUMIF(I6:I36,10)*0.3)+ROUND((SUMIF(I6:I36,11)*0.4545454545),0)+ROUND((SUMIF(I6:I36,12)*0.83333333333),0)+ROUND((SUMIF(I6:I36,13)/0.86666667),0)+ROUND((SUMIF(I6:I36,14)/0.46666667),0) -> 2 | ... N3: =(SUMIF(N6:N36,3)/-3)+(SUMIF(N6:N36,2)*-1)+(SUMIF(N6:N36,1)*-3)+(SUMIF(N6:N36,10)*0.3)+ROUND((SUMIF(N6:N36,11)*0.4545454545),0)+ROUND((SUMIF(N6:N36,12)*0.83333333333),0)+ROUND((SUMIF(N6:N36,13)/0.86666667),0)+ROUND((SUMIF(N6:N36,14)/0.46666667),0) -> 0 | O3: =(SUMIF(O6:O36,3)/-3)+(SUMIF(O6:O36,2)*-1)+(SUMIF(O6:O36,1)*-3)+(SUMIF(O6:O36,10)*0.3)+ROUND((SUMIF(O6:O36,11)*0.4545454545),0)+ROUND((SUMIF(O6:O36,12)*0.83333333333),0)+ROUND((SUMIF(O6:O36,13)/0.86666667),0)+ROUND((SUMIF(O6:O36,14)/0.46666667),0)-9-12 -> -23 | P3: =(SUMIF(P6:P36,3)/-3)+(SUMIF(P6:P36,2)*-1)+(SUMIF(P6:P36,1)*-3)+(SUMIF(P6:P36,10)*0.3)+ROUND((SUMIF(P6:P36,11)*0.4545454545),0)+ROUND((SUMIF(P6:P36,12)*0.83333333333),0)+ROUND((SUMIF(P6:P36,13)/0.86666667),0)+ROUND((SUMIF(P6:P36,14)/0.46666667),0) -> -2 | Q3: =(SUMIF(Q6:Q36,3)/-3)+(SUMIF(Q6:Q36,2)*-1)+(SUMIF(Q6:Q36,1)*-3)+(SUMIF(Q6:Q36,10)*0.3)+ROUND((SUMIF(Q6:Q36,11)*0.4545454545),0)+ROUND((SUMIF(Q6:Q36,12)*0.83333333333),0)+ROUND((SUMIF(Q6:Q36,13)/0.86666667),0)+ROUND((SUMIF(Q6:Q36,14)/0.46666667),0)-14 -> -15 | R3: =(SUMIF(R6:R36,3)/-3)+(SUMIF(R6:R36,2)*-1)+(SUMIF(R6:R36,1)*-3)+(SUMIF(R6:R36,10)*0.3)+ROUND((SUMIF(R6:R36,11)*0.4545454545),0)+ROUND((SUMIF(R6:R36,12)*0.83333333333),0)+ROUND((SUMIF(R6:R36,13)/0.86666667),0)+ROUND((SUMIF(R6:R36,14)/0.46666667),0) -> 0 | S3: =(SUMIF(S6:S36,3)/-3)+(SUMIF(S6:S36,2)*-1)+(SUMIF(S6:S36,1)*-3)+(SUMIF(S6:S36,10)*0.3)+ROUND((SUMIF(S6:S36,11)*0.4545454545),0)+ROUND((SUMIF(S6:S36,12)*0.83333333333),0)+ROUND((SUMIF(S6:S36,13)/0.86666667),0)+ROUND((SUMIF(S6:S36,14)/0.46666667),0) -> -1 | T3: =(SUMIF(T6:T36,3)/-3)+(SUMIF(T6:T36,2)*-1)+(SUMIF(T6:T36,1)*-3)+(SUMIF(T6:T36,10)*0.3)+ROUND((SUMIF(T6:T36,11)*0.4545454545),0)+ROUND((SUMIF(T6:T36,12)*0.83333333333),0)+ROUND((SUMIF(T6:T36,13)/0.86666667),0)+ROUND((SUMIF(T6:T36,14)/0.46666667),0) -> 1 | U3: INDICADOR FILA VACIA | V3: ULTIMA FILA RELLENA | AC3: TIENES ENTRE 4 Y 9 ACIERTOS | AD3: ERES EL QUE MÁS ACIERTOS TIENES PERO NO CONSIGUES BONUS
A4: TOTAL PUNTOS | B4: =SUM(B2+B3) -> 92 | C4: =SUM(C2+C3) -> 108 | D4: =SUM(D2+D3) -> 93 | E4: =SUM(E2+E3) -> 96 | F4: =SUM(F2+F3) -> 91 | G4: =SUM(G2+G3) -> 85 | H4: =SUM(H2+H3) -> 84 | I4: =SUM(I2+I3) -> 85 | ... T4: =SUM(T2+T3) -> 93 | V4: =MIN(V6:V36) -> 19 | W4: {=INDIRECT("T"&V4)} -> 5 | Y4: {=INDIRECT("W"&ACIERTOS!V4)} -> 3 | Z4: {=INDIRECT("X"&ACIERTOS!V4)} -> 7 | AC4: TIENES 10 ACIERTOS O MÁS Y CONSIGUES BONUS
A6: Jornada 01 - 17.08.2025 | B6: =IFERROR(__xludf.DUMMYFUNCTION("importrange(""https://docs.google.com/spreadsheets/d/1Jvfm9oTtBCSN1OIjWY59tP0zenJ0L_6-CTwiuVK53zo/edit?usp=drive_link"",""Pronósticos!b19:T19"")"),6.0) -> 6 | C6: =IFERROR(__xludf.DUMMYFUNCTION("""COMPUTED_VALUE"""),8.0) -> 8 | D6: =IFERROR(__xludf.DUMMYFUNCTION("""COMPUTED_VALUE"""),7.0) -> 7 | E6: =IFERROR(__xludf.DUMMYFUNCTION("""COMPUTED_VALUE"""),7.0) -> 7 | F6: =IFERROR(__xludf.DUMMYFUNCTION("""COMPUTED_VALUE"""),8.0) -> 8 | G6: =IFERROR(__xludf.DUMMYFUNCTION("""COMPUTED_VALUE"""),7.0) -> 7 | H6: =IFERROR(__xludf.DUMMYFUNCTION("""COMPUTED_VALUE"""),8.0) -> 8 | I6: =IFERROR(__xludf.DUMMYFUNCTION("""COMPUTED_VALUE"""),7.0) -> 7 | J6: =IFERROR(__xludf.DUMMYFUNCTION("""COMPUTED_VALUE"""),6.0) -> 6 | K6: =IFERROR(__xludf.DUMMYFUNCTION("""COMPUTED_VALUE"""),5.0) -> 5 | L6: =IFERROR(__xludf.DUMMYFUNCTION("""COMPUTED_VALUE"""),4.0) -> 4 | M6: =IFERROR(__xludf.DUMMYFUNCTION("""COMPUTED_VALUE"""),7.0) -> 7 | N6: =IFERROR(__xludf.DUMMYFUNCTION("""COMPUTED_VALUE"""),5.0) -> 5 | O6: =IFERROR(__xludf.DUMMYFUNCTION("""COMPUTED_VALUE"""),8.0) -> 8 | P6: =IFERROR(__xludf.DUMMYFUNCTION("""COMPUTED_VALUE"""),3.0) -> 3 | Q6: =IFERROR(__xludf.DUMMYFUNCTION("""COMPUTED_VALUE"""),5.0) -> 5 | R6: =IFERROR(__xludf.DUMMYFUNCTION("""COMPUTED_VALUE"""),7.0) -> 7 | S6: =IFERROR(__xludf.DUMMYFUNCTION("""COMPUTED_VALUE"""),6.0) -> 6 | T6: =IFERROR(__xludf.DUMMYFUNCTION("""COMPUTED_VALUE"""),7.0) -> 7 | U6: =SUM(B6:T6) -> 121 | V6: =IF(U6=0,ROW()-1,1000) -> 1000 | W6: =MIN(B6:T6) -> 3 | X6: =MAX(B6:T6) -> 8
A7: Jornada 02 - 24.08.2025 | B7: =IFERROR(__xludf.DUMMYFUNCTION("importrange(""https://docs.google.com/spreadsheets/d/1zMBIWWvDp7twBfWAxwgFdtNnaZlE1Qu7bv0JpkCAdVU/edit?usp=drive_link"",""Pronósticos!b19:T19"")"),6.0) -> 6 | C7: =IFERROR(__xludf.DUMMYFUNCTION("""COMPUTED_VALUE"""),5.0) -> 5 | D7: =IFERROR(__xludf.DUMMYFUNCTION("""COMPUTED_VALUE"""),9.0) -> 9 | E7: =IFERROR(__xludf.DUMMYFUNCTION("""COMPUTED_VALUE"""),9.0) -> 9 | F7: =IFERROR(__xludf.DUMMYFUNCTION("""COMPUTED_VALUE"""),8.0) -> 8 | G7: =IFERROR(__xludf.DUMMYFUNCTION("""COMPUTED_VALUE"""),4.0) -> 4 | H7: =IFERROR(__xludf.DUMMYFUNCTION("""COMPUTED_VALUE"""),6.0) -> 6 | I7: =IFERROR(__xludf.DUMMYFUNCTION("""COMPUTED_VALUE"""),7.0) -> 7 | J7: =IFERROR(__xludf.DUMMYFUNCTION("""COMPUTED_VALUE"""),11.0) -> 11 | K7: =IFERROR(__xludf.DUMMYFUNCTION("""COMPUTED_VALUE"""),5.0) -> 5 | L7: =IFERROR(__xludf.DUMMYFUNCTION("""COMPUTED_VALUE"""),5.0) -> 5 | M7: =IFERROR(__xludf.DUMMYFUNCTION("""COMPUTED_VALUE"""),7.0) -> 7 | N7: =IFERROR(__xludf.DUMMYFUNCTION("""COMPUTED_VALUE"""),4.0) -> 4 | O7: =IFERROR(__xludf.DUMMYFUNCTION("""COMPUTED_VALUE"""),3.0) -> 3 | P7: =IFERROR(__xludf.DUMMYFUNCTION("""COMPUTED_VALUE"""),6.0) -> 6 | Q7: =IFERROR(__xludf.DUMMYFUNCTION("""COMPUTED_VALUE"""),5.0) -> 5 | R7: =IFERROR(__xludf.DUMMYFUNCTION("""COMPUTED_VALUE"""),8.0) -> 8 | S7: =IFERROR(__xludf.DUMMYFUNCTION("""COMPUTED_VALUE"""),5.0) -> 5 | T7: =IFERROR(__xludf.DUMMYFUNCTION("""COMPUTED_VALUE"""),8.0) -> 8 | U7: =SUM(B7:T7) -> 121 | V7: =IF(U7=0,ROW()-1,1000) -> 1000 | W7: =MIN(B7:T7) -> 3 | X7: =MAX(B7:T7) -> 11
A8: Jornada 03 - 31.08.2025 | B8: =IFERROR(__xludf.DUMMYFUNCTION("importrange(""https://docs.google.com/spreadsheets/d/1tkZLfNer4qTxIYsh-jkp1200AZ13DREwFLXagYQX6EE/edit?usp=drivesdk"",""Pronósticos!b19:T19"")"),4.0) -> 4 | C8: =IFERROR(__xludf.DUMMYFUNCTION("""COMPUTED_VALUE"""),9.0) -> 9 | D8: =IFERROR(__xludf.DUMMYFUNCTION("""COMPUTED_VALUE"""),5.0) -> 5 | E8: =IFERROR(__xludf.DUMMYFUNCTION("""COMPUTED_VALUE"""),6.0) -> 6 | F8: =IFERROR(__xludf.DUMMYFUNCTION("""COMPUTED_VALUE"""),7.0) -> 7 | G8: =IFERROR(__xludf.DUMMYFUNCTION("""COMPUTED_VALUE"""),6.0) -> 6 | H8: =IFERROR(__xludf.DUMMYFUNCTION("""COMPUTED_VALUE"""),5.0) -> 5 | I8: =IFERROR(__xludf.DUMMYFUNCTION("""COMPUTED_VALUE"""),5.0) -> 5 | J8: =IFERROR(__xludf.DUMMYFUNCTION("""COMPUTED_VALUE"""),5.0) -> 5 | K8: =IFERROR(__xludf.DUMMYFUNCTION("""COMPUTED_VALUE"""),8.0) -> 8 | L8: =IFERROR(__xludf.DUMMYFUNCTION("""COMPUTED_VALUE"""),4.0) -> 4 | M8: =IFERROR(__xludf.DUMMYFUNCTION("""COMPUTED_VALUE"""),7.0) -> 7 | N8: =IFERROR(__xludf.DUMMYFUNCTION("""COMPUTED_VALUE"""),6.0) -> 6 | O8: =IFERROR(__xludf.DUMMYFUNCTION("""COMPUTED_VALUE"""),5.0) -> 5 | P8: =IFERROR(__xludf.DUMMYFUNCTION("""COMPUTED_VALUE"""),5.0) -> 5 | Q8: =IFERROR(__xludf.DUMMYFUNCTION("""COMPUTED_VALUE"""),5.0) -> 5 | R8: =IFERROR(__xludf.DUMMYFUNCTION("""COMPUTED_VALUE"""),4.0) -> 4 | S8: =IFERROR(__xludf.DUMMYFUNCTION("""COMPUTED_VALUE"""),3.0) -> 3 | T8: =IFERROR(__xludf.DUMMYFUNCTION("""COMPUTED_VALUE"""),6.0) -> 6 | U8: =SUM(B8:T8) -> 105 | V8: =IF(U8=0,ROW()-1,1000) -> 1000 | W8: =MIN(B8:T8) -> 3 | X8: =MAX(B8:T8) -> 9
A9: Jornada 05 - 14.09.2025 | B9: =IFERROR(__xludf.DUMMYFUNCTION("importrange(""https://docs.google.com/spreadsheets/d/1K2Skd7nFUZTsLO0AlTsCZ621MJI1sFjwXrYs6954iFw/edit?usp=drive_link"",""Pronósticos!b19:T19"")"),6.0) -> 6 | C9: =IFERROR(__xludf.DUMMYFUNCTION("""COMPUTED_VALUE"""),10.0) -> 10 | D9: =IFERROR(__xludf.DUMMYFUNCTION("""COMPUTED_VALUE"""),8.0) -> 8 | E9: =IFERROR(__xludf.DUMMYFUNCTION("""COMPUTED_VALUE"""),7.0) -> 7 | F9: =IFERROR(__xludf.DUMMYFUNCTION("""COMPUTED_VALUE"""),6.0) -> 6 | G9: =IFERROR(__xludf.DUMMYFUNCTION("""COMPUTED_VALUE"""),7.0) -> 7 | H9: =IFERROR(__xludf.DUMMYFUNCTION("""COMPUTED_VALUE"""),6.0) -> 6 | I9: =IFERROR(__xludf.DUMMYFUNCTION("""COMPUTED_VALUE"""),6.0) -> 6 | J9: =IFERROR(__xludf.DUMMYFUNCTION("""COMPUTED_VALUE"""),5.0) -> 5 | K9: =IFERROR(__xludf.DUMMYFUNCTION("""COMPUTED_VALUE"""),7.0) -> 7 | L9: =IFERROR(__xludf.DUMMYFUNCTION("""COMPUTED_VALUE"""),6.0) -> 6 | M9: =IFERROR(__xludf.DUMMYFUNCTION("""COMPUTED_VALUE"""),5.0) -> 5 | N9: =IFERROR(__xludf.DUMMYFUNCTION("""COMPUTED_VALUE"""),8.0) -> 8 | O9: =IFERROR(__xludf.DUMMYFUNCTION("""COMPUTED_VALUE"""),7.0) -> 7 | P9: =IFERROR(__xludf.DUMMYFUNCTION("""COMPUTED_VALUE"""),8.0) -> 8 | Q9: =IFERROR(__xludf.DUMMYFUNCTION("""COMPUTED_VALUE"""),5.0) -> 5 | R9: =IFERROR(__xludf.DUMMYFUNCTION("""COMPUTED_VALUE"""),5.0) -> 5 | S9: =IFERROR(__xludf.DUMMYFUNCTION("""COMPUTED_VALUE"""),6.0) -> 6 | T9: =IFERROR(__xludf.DUMMYFUNCTION("""COMPUTED_VALUE"""),7.0) -> 7 | U9: =SUM(B9:T9) -> 125 | V9: =IF(U9=0,ROW()-1,1000) -> 1000 | W9: =MIN(B9:T9) -> 5 | X9: =MAX(B9:T9) -> 10
A10: Jornada 07 - 21.09.2025 | B10: =IFERROR(__xludf.DUMMYFUNCTION("importrange(""https://docs.google.com/spreadsheets/d/1BoukrEHJNmWjKS6dGa8EX9lhUAn0A4vANtY3fZssyhI/edit?usp=drivesdk"",""Pronósticos!b19:T19"")"),8.0) -> 8 | C10: =IFERROR(__xludf.DUMMYFUNCTION("""COMPUTED_VALUE"""),10.0) -> 10 | D10: =IFERROR(__xludf.DUMMYFUNCTION("""COMPUTED_VALUE"""),8.0) -> 8 | E10: =IFERROR(__xludf.DUMMYFUNCTION("""COMPUTED_VALUE"""),7.0) -> 7 | F10: =IFERROR(__xludf.DUMMYFUNCTION("""COMPUTED_VALUE"""),8.0) -> 8 | G10: =IFERROR(__xludf.DUMMYFUNCTION("""COMPUTED_VALUE"""),6.0) -> 6 | H10: =IFERROR(__xludf.DUMMYFUNCTION("""COMPUTED_VALUE"""),6.0) -> 6 | I10: =IFERROR(__xludf.DUMMYFUNCTION("""COMPUTED_VALUE"""),5.0) -> 5 | J10: =IFERROR(__xludf.DUMMYFUNCTION("""COMPUTED_VALUE"""),7.0) -> 7 | K10: =IFERROR(__xludf.DUMMYFUNCTION("""COMPUTED_VALUE"""),8.0) -> 8 | L10: =IFERROR(__xludf.DUMMYFUNCTION("""COMPUTED_VALUE"""),9.0) -> 9 | M10: =IFERROR(__xludf.DUMMYFUNCTION("""COMPUTED_VALUE"""),7.0) -> 7 | N10: =IFERROR(__xludf.DUMMYFUNCTION("""COMPUTED_VALUE"""),5.0) -> 5 | O10: =IFERROR(__xludf.DUMMYFUNCTION("""COMPUTED_VALUE"""),5.0) -> 5 | P10: =IFERROR(__xludf.DUMMYFUNCTION("""COMPUTED_VALUE"""),7.0) -> 7 | Q10: =IFERROR(__xludf.DUMMYFUNCTION("""COMPUTED_VALUE"""),7.0) -> 7 | R10: =IFERROR(__xludf.DUMMYFUNCTION("""COMPUTED_VALUE"""),5.0) -> 5 | S10: =IFERROR(__xludf.DUMMYFUNCTION("""COMPUTED_VALUE"""),5.0) -> 5 | T10: =IFERROR(__xludf.DUMMYFUNCTION("""COMPUTED_VALUE"""),9.0) -> 9 | U10: =SUM(B10:T10) -> 132 | V10: =IF(U10=0,ROW()-1,1000) -> 1000 | W10: =MIN(B10:T10) -> 5 | X10: =MAX(B10:T10) -> 10
A11: Jornada 09 - 28.09.2025 | B11: =IFERROR(__xludf.DUMMYFUNCTION("importrange(""https://docs.google.com/spreadsheets/d/1CTti2oQ9oiS_-BGkDEgeAzjpePK9FhCH64xuOsZGhU8/edit?usp=drivesdk"",""Pronósticos!b19:T19"")"),4.0) -> 4 | C11: =IFERROR(__xludf.DUMMYFUNCTION("""COMPUTED_VALUE"""),5.0) -> 5 | D11: =IFERROR(__xludf.DUMMYFUNCTION("""COMPUTED_VALUE"""),5.0) -> 5 | E11: =IFERROR(__xludf.DUMMYFUNCTION("""COMPUTED_VALUE"""),5.0) -> 5 | F11: =IFERROR(__xludf.DUMMYFUNCTION("""COMPUTED_VALUE"""),9.0) -> 9 | G11: =IFERROR(__xludf.DUMMYFUNCTION("""COMPUTED_VALUE"""),3.0) -> 3 | H11: =IFERROR(__xludf.DUMMYFUNCTION("""COMPUTED_VALUE"""),4.0) -> 4 | I11: =IFERROR(__xludf.DUMMYFUNCTION("""COMPUTED_VALUE"""),6.0) -> 6 | J11: =IFERROR(__xludf.DUMMYFUNCTION("""COMPUTED_VALUE"""),5.0) -> 5 | K11: =IFERROR(__xludf.DUMMYFUNCTION("""COMPUTED_VALUE"""),4.0) -> 4 | L11: =IFERROR(__xludf.DUMMYFUNCTION("""COMPUTED_VALUE"""),3.0) -> 3 | M11: =IFERROR(__xludf.DUMMYFUNCTION("""COMPUTED_VALUE"""),8.0) -> 8 | N11: =IFERROR(__xludf.DUMMYFUNCTION("""COMPUTED_VALUE"""),5.0) -> 5 | O11: =IFERROR(__xludf.DUMMYFUNCTION("""COMPUTED_VALUE"""),5.0) -> 5 | P11: =IFERROR(__xludf.DUMMYFUNCTION("""COMPUTED_VALUE"""),5.0) -> 5 | Q11: =IFERROR(__xludf.DUMMYFUNCTION("""COMPUTED_VALUE"""),6.0) -> 6 | R11: =IFERROR(__xludf.DUMMYFUNCTION("""COMPUTED_VALUE"""),5.0) -> 5 | S11: =IFERROR(__xludf.DUMMYFUNCTION("""COMPUTED_VALUE"""),7.0) -> 7 | T11: =IFERROR(__xludf.DUMMYFUNCTION("""COMPUTED_VALUE"""),4.0) -> 4 | U11: =SUM(B11:T11) -> 98 | V11: =IF(U11=0,ROW()-1,1000) -> 1000 | W11: =MIN(B11:T11) -> 3 | X11: =MAX(B11:T11) -> 9
A12: Jornada 11 - 05.10.2025 | B12: =IFERROR(__xludf.DUMMYFUNCTION("importrange(""https://docs.google.com/spreadsheets/d/1KSXSTRUa5PVp95p82N_jIb2K2N3j-7quVwj8X9bV_Uo/edit?usp=drivesdk"",""Pronósticos!b19:T19"")"),5.0) -> 5 | C12: =IFERROR(__xludf.DUMMYFUNCTION("""COMPUTED_VALUE"""),6.0) -> 6 | D12: =IFERROR(__xludf.DUMMYFUNCTION("""COMPUTED_VALUE"""),7.0) -> 7 | E12: =IFERROR(__xludf.DUMMYFUNCTION("""COMPUTED_VALUE"""),4.0) -> 4 | F12: =IFERROR(__xludf.DUMMYFUNCTION("""COMPUTED_VALUE"""),4.0) -> 4 | G12: =IFERROR(__xludf.DUMMYFUNCTION("""COMPUTED_VALUE"""),7.0) -> 7 | H12: =IFERROR(__xludf.DUMMYFUNCTION("""COMPUTED_VALUE"""),4.0) -> 4 | I12: =IFERROR(__xludf.DUMMYFUNCTION("""COMPUTED_VALUE"""),3.0) -> 3 | J12: =IFERROR(__xludf.DUMMYFUNCTION("""COMPUTED_VALUE"""),6.0) -> 6 | K12: =IFERROR(__xludf.DUMMYFUNCTION("""COMPUTED_VALUE"""),5.0) -> 5 | L12: =IFERROR(__xludf.DUMMYFUNCTION("""COMPUTED_VALUE"""),5.0) -> 5 | M12: =IFERROR(__xludf.DUMMYFUNCTION("""COMPUTED_VALUE"""),5.0) -> 5 | N12: =IFERROR(__xludf.DUMMYFUNCTION("""COMPUTED_VALUE"""),5.0) -> 5 | O12: =IFERROR(__xludf.DUMMYFUNCTION("""COMPUTED_VALUE"""),5.0) -> 5 | P12: =IFERROR(__xludf.DUMMYFUNCTION("""COMPUTED_VALUE"""),4.0) -> 4 | Q12: =IFERROR(__xludf.DUMMYFUNCTION("""COMPUTED_VALUE"""),3.0) -> 3 | R12: =IFERROR(__xludf.DUMMYFUNCTION("""COMPUTED_VALUE"""),4.0) -> 4 | S12: =IFERROR(__xludf.DUMMYFUNCTION("""COMPUTED_VALUE"""),5.0) -> 5 | T12: =IFERROR(__xludf.DUMMYFUNCTION("""COMPUTED_VALUE"""),2.0) -> 2 | U12: =SUM(B12:T12) -> 89 | V12: =IF(U12=0,ROW()-1,1000) -> 1000 | W12: =MIN(B12:T12) -> 2 | X12: =MAX(B12:T12) -> 7
A13: Jornada 14 - 19.10.2025 | B13: =IFERROR(__xludf.DUMMYFUNCTION("importrange(""https://docs.google.com/spreadsheets/d/1cnlSYJgAM3jt-QnO75GvRggeGkRfJ0QUcOX6GPXk6G8/edit?usp=drive_link"",""Pronósticos!b19:T19"")"),7.0) -> 7 | C13: =IFERROR(__xludf.DUMMYFUNCTION("""COMPUTED_VALUE"""),6.0) -> 6 | D13: =IFERROR(__xludf.DUMMYFUNCTION("""COMPUTED_VALUE"""),6.0) -> 6 | E13: =IFERROR(__xludf.DUMMYFUNCTION("""COMPUTED_VALUE"""),6.0) -> 6 | F13: =IFERROR(__xludf.DUMMYFUNCTION("""COMPUTED_VALUE"""),7.0) -> 7 | G13: =IFERROR(__xludf.DUMMYFUNCTION("""COMPUTED_VALUE"""),7.0) -> 7 | H13: =IFERROR(__xludf.DUMMYFUNCTION("""COMPUTED_VALUE"""),7.0) -> 7 | I13: =IFERROR(__xludf.DUMMYFUNCTION("""COMPUTED_VALUE"""),5.0) -> 5 | J13: =IFERROR(__xludf.DUMMYFUNCTION("""COMPUTED_VALUE"""),5.0) -> 5 | K13: =IFERROR(__xludf.DUMMYFUNCTION("""COMPUTED_VALUE"""),5.0) -> 5 | L13: =IFERROR(__xludf.DUMMYFUNCTION("""COMPUTED_VALUE"""),6.0) -> 6 | M13: =IFERROR(__xludf.DUMMYFUNCTION("""COMPUTED_VALUE"""),7.0) -> 7 | N13: =IFERROR(__xludf.DUMMYFUNCTION("""COMPUTED_VALUE"""),4.0) -> 4 | O13: =IFERROR(__xludf.DUMMYFUNCTION("""COMPUTED_VALUE"""),6.0) -> 6 | P13: =IFERROR(__xludf.DUMMYFUNCTION("""COMPUTED_VALUE"""),5.0) -> 5 | Q13: =IFERROR(__xludf.DUMMYFUNCTION("""COMPUTED_VALUE"""),9.0) -> 9 | R13: =IFERROR(__xludf.DUMMYFUNCTION("""COMPUTED_VALUE"""),6.0) -> 6 | S13: =IFERROR(__xludf.DUMMYFUNCTION("""COMPUTED_VALUE"""),6.0) -> 6 | T13: =IFERROR(__xludf.DUMMYFUNCTION("""COMPUTED_VALUE"""),5.0) -> 5 | U13: =SUM(B13:T13) -> 115 | V13: =IF(U13=0,ROW()-1,1000) -> 1000 | W13: =MIN(B13:T13) -> 4 | X13: =MAX(B13:T13) -> 9
A14: Jornada 16 - 26.10.2025 | B14: =IFERROR(__xludf.DUMMYFUNCTION("importrange(""https://docs.google.com/spreadsheets/d/1S6Y6hiBBQaJOCkBgP8GAi3eerUQJxCxTJJofQ4dFqO4/edit?usp=drive_link"",""Pronósticos!b19:T19"")"),10.0) -> 10 | C14: =IFERROR(__xludf.DUMMYFUNCTION("""COMPUTED_VALUE"""),7.0) -> 7 | D14: =IFERROR(__xludf.DUMMYFUNCTION("""COMPUTED_VALUE"""),9.0) -> 9 | E14: =IFERROR(__xludf.DUMMYFUNCTION("""COMPUTED_VALUE"""),5.0) -> 5 | F14: =IFERROR(__xludf.DUMMYFUNCTION("""COMPUTED_VALUE"""),6.0) -> 6 | G14: =IFERROR(__xludf.DUMMYFUNCTION("""COMPUTED_VALUE"""),4.0) -> 4 | H14: =IFERROR(__xludf.DUMMYFUNCTION("""COMPUTED_VALUE"""),9.0) -> 9 | I14: =IFERROR(__xludf.DUMMYFUNCTION("""COMPUTED_VALUE"""),10.0) -> 10 | J14: =IFERROR(__xludf.DUMMYFUNCTION("""COMPUTED_VALUE"""),6.0) -> 6 | K14: =IFERROR(__xludf.DUMMYFUNCTION("""COMPUTED_VALUE"""),10.0) -> 10 | L14: =IFERROR(__xludf.DUMMYFUNCTION("""COMPUTED_VALUE"""),8.0) -> 8 | M14: =IFERROR(__xludf.DUMMYFUNCTION("""COMPUTED_VALUE"""),7.0) -> 7 | N14: =IFERROR(__xludf.DUMMYFUNCTION("""COMPUTED_VALUE"""),7.0) -> 7 | O14: =IFERROR(__xludf.DUMMYFUNCTION("""COMPUTED_VALUE"""),6.0) -> 6 | P14: =IFERROR(__xludf.DUMMYFUNCTION("""COMPUTED_VALUE"""),6.0) -> 6 | Q14: =IFERROR(__xludf.DUMMYFUNCTION("""COMPUTED_VALUE"""),7.0) -> 7 | R14: =IFERROR(__xludf.DUMMYFUNCTION("""COMPUTED_VALUE"""),7.0) -> 7 | S14: =IFERROR(__xludf.DUMMYFUNCTION("""COMPUTED_VALUE"""),8.0) -> 8 | T14: =IFERROR(__xludf.DUMMYFUNCTION("""COMPUTED_VALUE"""),8.0) -> 8 | U14: =SUM(B14:T14) -> 140 | V14: =IF(U14=0,ROW()-1,1000) -> 1000 | W14: =MIN(B14:T14) -> 4 | X14: =MAX(B14:T14) -> 10
A15: Jornada 17 - 02.11.2025 | B15: =IFERROR(__xludf.DUMMYFUNCTION("importrange(""https://docs.google.com/spreadsheets/d/1BMlQOvez5piQ8GNvhhfLjz6axTIfA-AVlM3aJhE1Xv0/edit?usp=drive_link"",""Pronósticos!b19:T19"")"),6.0) -> 6 | C15: =IFERROR(__xludf.DUMMYFUNCTION("""COMPUTED_VALUE"""),8.0) -> 8 | D15: =IFERROR(__xludf.DUMMYFUNCTION("""COMPUTED_VALUE"""),9.0) -> 9 | E15: =IFERROR(__xludf.DUMMYFUNCTION("""COMPUTED_VALUE"""),7.0) -> 7 | F15: =IFERROR(__xludf.DUMMYFUNCTION("""COMPUTED_VALUE"""),10.0) -> 10 | G15: =IFERROR(__xludf.DUMMYFUNCTION("""COMPUTED_VALUE"""),9.0) -> 9 | H15: =IFERROR(__xludf.DUMMYFUNCTION("""COMPUTED_VALUE"""),5.0) -> 5 | I15: =IFERROR(__xludf.DUMMYFUNCTION("""COMPUTED_VALUE"""),8.0) -> 8 | J15: =IFERROR(__xludf.DUMMYFUNCTION("""COMPUTED_VALUE"""),10.0) -> 10 | K15: =IFERROR(__xludf.DUMMYFUNCTION("""COMPUTED_VALUE"""),6.0) -> 6 | L15: =IFERROR(__xludf.DUMMYFUNCTION("""COMPUTED_VALUE"""),7.0) -> 7 | M15: =IFERROR(__xludf.DUMMYFUNCTION("""COMPUTED_VALUE"""),6.0) -> 6 | N15: =IFERROR(__xludf.DUMMYFUNCTION("""COMPUTED_VALUE"""),5.0) -> 5 | O15: =IFERROR(__xludf.DUMMYFUNCTION("""COMPUTED_VALUE"""),7.0) -> 7 | P15: =IFERROR(__xludf.DUMMYFUNCTION("""COMPUTED_VALUE"""),7.0) -> 7 | Q15: =IFERROR(__xludf.DUMMYFUNCTION("""COMPUTED_VALUE"""),9.0) -> 9 | R15: =IFERROR(__xludf.DUMMYFUNCTION("""COMPUTED_VALUE"""),9.0) -> 9 | S15: =IFERROR(__xludf.DUMMYFUNCTION("""COMPUTED_VALUE"""),7.0) -> 7 | T15: =IFERROR(__xludf.DUMMYFUNCTION("""COMPUTED_VALUE"""),10.0) -> 10 | U15: =SUM(B15:T15) -> 145 | V15: =IF(U15=0,ROW()-1,1000) -> 1000 | W15: =MIN(B15:T15) -> 5 | X15: =MAX(B15:T15) -> 10
A16: Jornada 19 - 09.11.2025 | B16: =IFERROR(__xludf.DUMMYFUNCTION("importrange(""https://docs.google.com/spreadsheets/d/1PA7zQRhzJ7w8EVjvOzdt47hUnA1fav4yTNtJvlaQHE4/edit?usp=drivesdk"",""Pronósticos!b19:T19"")"),8.0) -> 8 | C16: =IFERROR(__xludf.DUMMYFUNCTION("""COMPUTED_VALUE"""),8.0) -> 8 | D16: =IFERROR(__xludf.DUMMYFUNCTION("""COMPUTED_VALUE"""),5.0) -> 5 | E16: =IFERROR(__xludf.DUMMYFUNCTION("""COMPUTED_VALUE"""),8.0) -> 8 | F16: =IFERROR(__xludf.DUMMYFUNCTION("""COMPUTED_VALUE"""),5.0) -> 5 | G16: =IFERROR(__xludf.DUMMYFUNCTION("""COMPUTED_VALUE"""),7.0) -> 7 | H16: =IFERROR(__xludf.DUMMYFUNCTION("""COMPUTED_VALUE"""),7.0) -> 7 | I16: =IFERROR(__xludf.DUMMYFUNCTION("""COMPUTED_VALUE"""),6.0) -> 6 | J16: =IFERROR(__xludf.DUMMYFUNCTION("""COMPUTED_VALUE"""),8.0) -> 8 | K16: =IFERROR(__xludf.DUMMYFUNCTION("""COMPUTED_VALUE"""),6.0) -> 6 | L16: =IFERROR(__xludf.DUMMYFUNCTION("""COMPUTED_VALUE"""),8.0) -> 8 | M16: =IFERROR(__xludf.DUMMYFUNCTION("""COMPUTED_VALUE"""),7.0) -> 7 | N16: =IFERROR(__xludf.DUMMYFUNCTION("""COMPUTED_VALUE"""),7.0) -> 7 | O16: =IFERROR(__xludf.DUMMYFUNCTION("""COMPUTED_VALUE"""),7.0) -> 7 | P16: =IFERROR(__xludf.DUMMYFUNCTION("""COMPUTED_VALUE"""),6.0) -> 6 | Q16: =IFERROR(__xludf.DUMMYFUNCTION("""COMPUTED_VALUE"""),5.0) -> 5 | R16: =IFERROR(__xludf.DUMMYFUNCTION("""COMPUTED_VALUE"""),7.0) -> 7 | S16: =IFERROR(__xludf.DUMMYFUNCTION("""COMPUTED_VALUE"""),7.0) -> 7 | T16: =IFERROR(__xludf.DUMMYFUNCTION("""COMPUTED_VALUE"""),6.0) -> 6 | U16: =SUM(B16:T16) -> 128 | V16: =IF(U16=0,ROW()-1,1000) -> 1000 | W16: =MIN(B16:T16) -> 5 | X16: =MAX(B16:T16) -> 8
A17: Jornada 22 - 23.11.2025 | B17: =IFERROR(__xludf.DUMMYFUNCTION("importrange(""https://docs.google.com/spreadsheets/d/1JCBsjtCHvuDO72jWAxGHh2iIYQMSgoaDaZ1GU2c2lQI/edit?usp=drive_link"",""Pronósticos!b19:T19"")"),7.0) -> 7 | C17: =IFERROR(__xludf.DUMMYFUNCTION("""COMPUTED_VALUE"""),8.0) -> 8 | D17: =IFERROR(__xludf.DUMMYFUNCTION("""COMPUTED_VALUE"""),6.0) -> 6 | E17: =IFERROR(__xludf.DUMMYFUNCTION("""COMPUTED_VALUE"""),10.0) -> 10 | F17: =IFERROR(__xludf.DUMMYFUNCTION("""COMPUTED_VALUE"""),4.0) -> 4 | G17: =IFERROR(__xludf.DUMMYFUNCTION("""COMPUTED_VALUE"""),7.0) -> 7 | H17: =IFERROR(__xludf.DUMMYFUNCTION("""COMPUTED_VALUE"""),6.0) -> 6 | I17: =IFERROR(__xludf.DUMMYFUNCTION("""COMPUTED_VALUE"""),5.0) -> 5 | J17: =IFERROR(__xludf.DUMMYFUNCTION("""COMPUTED_VALUE"""),7.0) -> 7 | K17: =IFERROR(__xludf.DUMMYFUNCTION("""COMPUTED_VALUE"""),4.0) -> 4 | L17: =IFERROR(__xludf.DUMMYFUNCTION("""COMPUTED_VALUE"""),9.0) -> 9 | M17: =IFERROR(__xludf.DUMMYFUNCTION("""COMPUTED_VALUE"""),6.0) -> 6 | N17: =IFERROR(__xludf.DUMMYFUNCTION("""COMPUTED_VALUE"""),8.0) -> 8 | O17: =IFERROR(__xludf.DUMMYFUNCTION("""COMPUTED_VALUE"""),4.0) -> 4 | P17: =IFERROR(__xludf.DUMMYFUNCTION("""COMPUTED_VALUE"""),8.0) -> 8 | Q17: =IFERROR(__xludf.DUMMYFUNCTION("""COMPUTED_VALUE"""),6.0) -> 6 | R17: =IFERROR(__xludf.DUMMYFUNCTION("""COMPUTED_VALUE"""),6.0) -> 6 | S17: =IFERROR(__xludf.DUMMYFUNCTION("""COMPUTED_VALUE"""),9.0) -> 9 | T17: =IFERROR(__xludf.DUMMYFUNCTION("""COMPUTED_VALUE"""),8.0) -> 8 | U17: =SUM(B17:T17) -> 128 | V17: =IF(U17=0,ROW()-1,1000) -> 1000 | W17: =MIN(B17:T17) -> 4 | X17: =MAX(B17:T17) -> 10
A18: Jornada 24 - 30.11.2025 | B18: =IFERROR(__xludf.DUMMYFUNCTION("importrange(""https://docs.google.com/spreadsheets/d/1uXeofNiVAWzn67xBCaaXz5YrwlMitQdZshRV3kue8RE?usp=drive_fs"",""Pronósticos!b19:T19"")"),7.0) -> 7 | C18: =IFERROR(__xludf.DUMMYFUNCTION("""COMPUTED_VALUE"""),6.0) -> 6 | D18: =IFERROR(__xludf.DUMMYFUNCTION("""COMPUTED_VALUE"""),5.0) -> 5 | E18: =IFERROR(__xludf.DUMMYFUNCTION("""COMPUTED_VALUE"""),5.0) -> 5 | F18: =IFERROR(__xludf.DUMMYFUNCTION("""COMPUTED_VALUE"""),4.0) -> 4 | G18: =IFERROR(__xludf.DUMMYFUNCTION("""COMPUTED_VALUE"""),6.0) -> 6 | H18: =IFERROR(__xludf.DUMMYFUNCTION("""COMPUTED_VALUE"""),9.0) -> 9 | I18: =IFERROR(__xludf.DUMMYFUNCTION("""COMPUTED_VALUE"""),5.0) -> 5 | J18: =IFERROR(__xludf.DUMMYFUNCTION("""COMPUTED_VALUE"""),6.0) -> 6 | K18: =IFERROR(__xludf.DUMMYFUNCTION("""COMPUTED_VALUE"""),3.0) -> 3 | L18: =IFERROR(__xludf.DUMMYFUNCTION("""COMPUTED_VALUE"""),7.0) -> 7 | M18: =IFERROR(__xludf.DUMMYFUNCTION("""COMPUTED_VALUE"""),6.0) -> 6 | N18: =IFERROR(__xludf.DUMMYFUNCTION("""COMPUTED_VALUE"""),6.0) -> 6 | O18: =IFERROR(__xludf.DUMMYFUNCTION("""COMPUTED_VALUE"""),7.0) -> 7 | P18: =IFERROR(__xludf.DUMMYFUNCTION("""COMPUTED_VALUE"""),4.0) -> 4 | Q18: =IFERROR(__xludf.DUMMYFUNCTION("""COMPUTED_VALUE"""),7.0) -> 7 | R18: =IFERROR(__xludf.DUMMYFUNCTION("""COMPUTED_VALUE"""),6.0) -> 6 | S18: =IFERROR(__xludf.DUMMYFUNCTION("""COMPUTED_VALUE"""),5.0) -> 5 | T18: =IFERROR(__xludf.DUMMYFUNCTION("""COMPUTED_VALUE"""),7.0) -> 7 | U18: =SUM(B18:T18) -> 111 | V18: =IF(U18=0,ROW()-1,1000) -> 1000 | W18: =MIN(B18:T18) -> 3 | X18: =MAX(B18:T18) -> 9
A19: Jornada 26 - 07.12.2025 | B19: =IFERROR(__xludf.DUMMYFUNCTION("importrange(""https://docs.google.com/spreadsheets/d/1XNwR-Cf-zuoOqNWAwypo8VVASntSn0L_xIzwwfu6R0s?usp=drive_fs"",""Pronósticos!b19:T19"")"),5.0) -> 5 | C19: =IFERROR(__xludf.DUMMYFUNCTION("""COMPUTED_VALUE"""),6.0) -> 6 | D19: =IFERROR(__xludf.DUMMYFUNCTION("""COMPUTED_VALUE"""),4.0) -> 4 | E19: =IFERROR(__xludf.DUMMYFUNCTION("""COMPUTED_VALUE"""),7.0) -> 7 | F19: =IFERROR(__xludf.DUMMYFUNCTION("""COMPUTED_VALUE"""),3.0) -> 3 | G19: =IFERROR(__xludf.DUMMYFUNCTION("""COMPUTED_VALUE"""),6.0) -> 6 | H19: =IFERROR(__xludf.DUMMYFUNCTION("""COMPUTED_VALUE"""),3.0) -> 3 | I19: =IFERROR(__xludf.DUMMYFUNCTION("""COMPUTED_VALUE"""),5.0) -> 5 | J19: =IFERROR(__xludf.DUMMYFUNCTION("""COMPUTED_VALUE"""),5.0) -> 5 | K19: =IFERROR(__xludf.DUMMYFUNCTION("""COMPUTED_VALUE"""),4.0) -> 4 | L19: =IFERROR(__xludf.DUMMYFUNCTION("""COMPUTED_VALUE"""),6.0) -> 6 | M19: =IFERROR(__xludf.DUMMYFUNCTION("""COMPUTED_VALUE"""),3.0) -> 3 | N19: =IFERROR(__xludf.DUMMYFUNCTION("""COMPUTED_VALUE"""),5.0) -> 5 | O19: =IFERROR(__xludf.DUMMYFUNCTION("""COMPUTED_VALUE"""),3.0) -> 3 | P19: =IFERROR(__xludf.DUMMYFUNCTION("""COMPUTED_VALUE"""),3.0) -> 3 | Q19: =IFERROR(__xludf.DUMMYFUNCTION("""COMPUTED_VALUE"""),6.0) -> 6 | R19: =IFERROR(__xludf.DUMMYFUNCTION("""COMPUTED_VALUE"""),6.0) -> 6 | S19: =IFERROR(__xludf.DUMMYFUNCTION("""COMPUTED_VALUE"""),5.0) -> 5 | T19: =IFERROR(__xludf.DUMMYFUNCTION("""COMPUTED_VALUE"""),5.0) -> 5 | U19: =SUM(B19:T19) -> 90 | V19: =IF(U19=0,ROW()-1,1000) -> 1000 | W19: =MIN(B19:T19) -> 3 | X19: =MAX(B19:T19) -> 7
U20: =SUM(B20:T20) -> 0 | V20: =IF(U20=0,ROW()-1,1000) -> 19 | W20: =MIN(B20:T20) -> 0 | X20: =MAX(B20:T20) -> 0
U21: =SUM(B21:T21) -> 0 | V21: =IF(U21=0,ROW()-1,1000) -> 20 | W21: =MIN(B21:T21) -> 0 | X21: =MAX(B21:T21) -> 0
U22: =SUM(B22:T22) -> 0 | V22: =IF(U22=0,ROW()-1,1000) -> 21 | W22: =MIN(B22:T22) -> 0 | X22: =MAX(B22:T22) -> 0
U23: =SUM(B23:T23) -> 0 | V23: =IF(U23=0,ROW()-1,1000) -> 22 | W23: =MIN(B23:T23) -> 0 | X23: =MAX(B23:T23) -> 0
U24: =SUM(B24:T24) -> 0 | V24: =IF(U24=0,ROW()-1,1000) -> 23 | W24: =MIN(B24:T24) -> 0 | X24: =MAX(B24:T24) -> 0
U25: =SUM(B25:T25) -> 0 | V25: =IF(U25=0,ROW()-1,1000) -> 24 | W25: =MIN(B25:T25) -> 0 | X25: =MAX(B25:T25) -> 0
U26: =SUM(B26:T26) -> 0 | V26: =IF(U26=0,ROW()-1,1000) -> 25 | W26: =MIN(B26:T26) -> 0 | X26: =MAX(B26:T26) -> 0
U27: =SUM(B27:T27) -> 0 | V27: =IF(U27=0,ROW()-1,1000) -> 26 | W27: =MIN(B27:T27) -> 0 | X27: =MAX(B27:T27) -> 0
U28: =SUM(B28:T28) -> 0 | V28: =IF(U28=0,ROW()-1,1000) -> 27 | W28: =MIN(B28:T28) -> 0 | X28: =MAX(B28:T28) -> 0
U29: =SUM(B29:T29) -> 0 | V29: =IF(U29=0,ROW()-1,1000) -> 28 | W29: =MIN(B29:T29) -> 0 | X29: =MAX(B29:T29) -> 0
U30: =SUM(B30:T30) -> 0 | V30: =IF(U30=0,ROW()-1,1000) -> 29 | W30: =MIN(B30:T30) -> 0 | X30: =MAX(B30:T30) -> 0
U31: =SUM(B31:T31) -> 0 | V31: =IF(U31=0,ROW()-1,1000) -> 30 | W31: =MIN(B31:T31) -> 0 | X31: =MAX(B31:T31) -> 0
... U60: =SUM(B60:T60) -> 0 | V60: =IF(U60=0,ROW()-1,1000) -> 59 | W60: =MIN(B60:T60) -> 0 | X60: =MAX(B60:T60) -> 0

Sheet CLASIFICACION 2025-2026
A1: POSICION | F1: MAULA | G1: PUNTOS | H1: ACIERTOS ULTIMA JORNADA | I1: PUNTOS PERDIDOS/BONUS
A2: 1 | B2: {=TRANSPOSE(ACIERTOS!B1:S1)} -> Alvaro | C2: {=TRANSPOSE(ACIERTOS!B4:T4)} -> 92 | D2: {=INDIRECT("ACIERTOS!B"&ACIERTOS!$V$4)} -> 5 | E2: =ACIERTOS!B3 -> 3 | F2: {=SORT(B2:E21,2,false)} -> Carlos | G2: 108 | H2: 6 | I2: 6
A3: 2 | B3: Carlos | C3: 108 | D3: {=INDIRECT("ACIERTOS!C"&ACIERTOS!$V$4)} -> 6 | E3: =ACIERTOS!C3 -> 6 | F3: JA Valdivieso | G3: 100 | H3: 5 | I3: 8
A4: 3 | B4: David Buzón | C4: 93 | D4: {=INDIRECT("ACIERTOS!D"&ACIERTOS!$V$4)} -> 4 | E4: =ACIERTOS!D3 -> 0 | F4: Edu | G4: 96 | H4: 7 | I4: 3
A5: 4 | B5: Edu | C5: 96 | D5: {=INDIRECT("ACIERTOS!E"&ACIERTOS!$V$4)} -> 7 | E5: =ACIERTOS!E3 -> 3 | F5: David Buzón | G5: 93 | H5: 4 | I5: 0
A6: 5 | B6: Emilio | C6: 91 | D6: {=INDIRECT("ACIERTOS!F"&ACIERTOS!$V$4)} -> 3 | E6: =ACIERTOS!F3 -> 2 | F6: Samuel | G6: 93 | H6: 5 | I6: 1
A7: 6 | B7: Fernando Lozano | C7: 85 | D7: {=INDIRECT("ACIERTOS!G"&ACIERTOS!$V$4)} -> 6 | E7: =ACIERTOS!G3 -> -1 | F7: Alvaro | G7: 92 | H7: 5 | I7: 3
A8: 7 | B8: Fernando Ramírez | C8: 84 | D8: {=INDIRECT("ACIERTOS!H"&ACIERTOS!$V$4)} -> 3 | E8: =ACIERTOS!H3 -> -1 | F8: Emilio | G8: 91 | H8: 3 | I8: 2
A9: 8 | B9: Heradio | C9: 85 | D9: {=INDIRECT("ACIERTOS!I"&ACIERTOS!$V$4)} -> 5 | E9: =ACIERTOS!I3 -> 2 | F9: Juanjo | G9: 87 | H9: 3 | I9: -1
A10: 9 | B10: JA Valdivieso | C10: 100 | D10: {=INDIRECT("ACIERTOS!J"&ACIERTOS!$V$4)} -> 5 | E10: =ACIERTOS!J3 -> 8 | F10: Juan Antonio | G10: 86 | H10: 6 | I10: -1
A11: 10 | B11: Javier Mora | C11: 82 | D11: {=INDIRECT("ACIERTOS!K"&ACIERTOS!$V$4)} -> 4 | E11: =ACIERTOS!K3 -> 2 | F11: Fernando Lozano | G11: 85 | H11: 6 | I11: -1
A12: 11 | B12: Juan Antonio | C12: 86 | D12: {=INDIRECT("ACIERTOS!L"&ACIERTOS!$V$4)} -> 6 | E12: =ACIERTOS!L3 -> -1 | F12: Heradio | G12: 85 | H12: 5 | I12: 2
A13: 12 | B13: Juanjo | C13: 87 | D13: {=INDIRECT("ACIERTOS!M"&ACIERTOS!$V$4)} -> 3 | E13: =ACIERTOS!M3 -> -1 | F13: Ramón | G13: 85 | H13: 6 | I13: 0
A14: 13 | B14: Luismi | C14: 80 | D14: {=INDIRECT("ACIERTOS!N"&ACIERTOS!$V$4)} -> 5 | E14: =ACIERTOS!N3 -> 0 | F14: Fernando Ramírez | G14: 84 | H14: 3 | I14: -1
A15: 14 | B15: Marcelo | C15: 55 | D15: {=INDIRECT("ACIERTOS!O"&ACIERTOS!$V$4)} -> 3 | E15: =ACIERTOS!O3 -> -23 | F15: Raúl Romera | G15: 83 | H15: 5 | I15: -1
A16: 15 | B16: Martín | C16: 75 | D16: {=INDIRECT("ACIERTOS!P"&ACIERTOS!$V$4)} -> 3 | E16: =ACIERTOS!P3 -> -2 | F16: Javier Mora | G16: 82 | H16: 4 | I16: 2
A17: 16 | B17: Rafa | C17: 70 | D17: {=INDIRECT("ACIERTOS!Q"&ACIERTOS!$V$4)} -> 6 | E17: =ACIERTOS!Q3 -> -15 | F17: Luismi | G17: 80 | H17: 5 | I17: 0
A18: 17 | B18: Ramón | C18: 85 | D18: {=INDIRECT("ACIERTOS!R"&ACIERTOS!$V$4)} -> 6 | E18: =ACIERTOS!R3 -> 0 | F18: Martín | G18: 75 | H18: 3 | I18: -2
A19: 18 | B19: Raúl Romera | C19: 83 | D19: {=INDIRECT("ACIERTOS!S"&ACIERTOS!$V$4)} -> 5 | E19: =ACIERTOS!S3 -> -1 | F19: Rafa | G19: 70 | H19: 6 | I19: -15
A20: 19 | B20: Samuel | C20: 93 | D20: {=INDIRECT("ACIERTOS!T"&ACIERTOS!$V$4)} -> 5 | E20: =ACIERTOS!T3 -> 1 | F20: Marcelo | G20: 55 | H20: 3 | I20: -23
J34: =ACIERTOS!Y4 -> 3
J35: =ACIERTOS!Z4 -> 7
